9T2vYXcg18g,My Daughter Surprises Her Best Friend *emotional*
1B6bbXT7xbk,24 PRANKS in 24 HOURS!!
hTDRg5DMez0,YouTube Fans CONTROL MY LIFE for 24 Hours
85eeYnSCm8A,"GENIUS SCHOOL HACKS || Colorful Parenting Hacks, Crafts And Food Ideas by 123GO! SCHOOL"
roSYQ8puhDo,Jada Pinkett Smith Admits FORCING Will To HIT Chris Rock!
LWWZu4-EhTI,YOUTUBE'DE Kƒ∞ DOSTLARIM ELVEDA ! SON Vƒ∞DEOM
Ip28E1XItvY,"Stray Kids ""MANIAC"" Dance Practice Video"
S5UBRaAXmmQ,"Police Chief's DAUGHTER Is ARRESTED, She Lives To Regret It | Dhar Mann"
s6g7iKlgNiA,Most Oddly Satisfying Video to watch before sleep
6lSP13oLlwA,"""Not Fair!"" Will Smith Reacts To LOSING His Oscar After Slapping Chris Rock"
U5oPpScEs3o,People Having A Worse Day Than You
Lr2pl1of1E0,Jimmy Fallon & Jimmy Kimmel Swap Shows in April Fools‚Äô Day Prank
Hd5UP1L43Ng,"WEDDiNG DAY!!  Adley is a Bridesmaid and Family Hotel Getaway! flowers, dancing, and lots of candy"
jLJHqT89BTg,"LAST TO LEAVE CONCRETE WINS $10,000!"
uzFPw_GdjuE,Rich vs Broke vs Giga Rich
0E1kVRRi6lk,Beast - Official Trailer | Thalapathy Vijay | Sun Pictures | Nelson | Anirudh | Pooja Hegde
-FKnLgbxn-0,Eva and Friend don`t want to study | Eva Bravo Play
H5v3kku4y6Q,Harry Styles - As It Was (Official Video)
uyyXpFO4yQ0,Diana and the Collection of New Stories for Kids
myjEoDypUD8,"Watch the uncensored moment Will Smith smacks Chris Rock on stage at the Oscars, drops F-bomb"
8S4N0138_Ck,Desenterramos la C√°psula del tiempo Casera de 2020-22
PtkHIxwVdK4,Good Mom vs Bad Mom || 10 Smart Parenting Hacks and Funny Moments by Gotcha!
8WdGgVCk8HE,Total Gaming FACE REVEAL
LwGusijxfaM,üö® √öLTIMA HORA: Ucrania ATACA por 1a vez TERRITORIO Ruso (GUERRA Rusia Noticias 2022) Putin OTAN
itEV0jKtEQM,JONNY WITH A ROCKET! Wolves 2-1 Aston Villa | Highlights
DsGUp6bGCtE,youtube in 2069
kn2BqsdkKiY,I Survived 200 Days as a SHAPESHIFTER in Minecraft In Hindi
yrb-fzqvdPM,"Minecraft : One Block , making Infinite Source Of Water In One Block #minecraft"
MkMVPvv_RZA,Nokia vs iPhone Minecraft.!!#minecraft #shorts #technogamerz #gamerfleet #dreamsmp #minecraftshorts
tMePg2P9A2Q,How to make Loggy & Chapati Oggy sword  in minecraft java (tutorial)
aRUk-uxdjf4,Free Fire March Mystery Shop
ntmgrsirNUA,#Minecraft #Short #MinecraftShorts
OTo2dskz-xk,Top 3 Minecraft Myths Or Do They Really Works... #shorts #minecraft
ifQtUZ3NoTs,noob vs pro only one choose challenge in Minecraft { please complete 100 sab} jis jis ne dekha subüôèüèª
o15h-oRNzQ4,Fight with 3 lion in jungle safari | Minecraft #shorts
qCZHarOQvc4,Jackson Wang - Blow (Official Music Video)
nU7eOtBrHdA,Funny PRANKS and Tricks | MyMissAnand
nilCt7VVGss,Broke vs Rich vs Giga Rich Teen
CK78QUMcZL8,Moments Before Disaster!
Sw-kgn6ileY,APRENDENDO A ANDAR DE BICICLETA PELA PRIMEIRA VEZ | Luluca
fnPrPR2jBkQ,EN DIRECT | Emmanuel Macron avec vous √† Paris La D√©fense Arena.
BM9TUY74Qvw,–ö–¢–û –ò–ó –ö–ê–ú–ü–£–°–ê –ü–û–õ–ï–¢–ò–¢ –í –ú–ê–ô–ê–ú–ò –∫ –ö–ê–ú–ò–õ–Æ –ò –ê–ú–ò–ù–ï? –¢–ï–ù–ù–ò–°–ò–°–¢–ö–ò –û–ë–õ–û–ú–ê–õ–ò–°–¨!
lDmzny2JEY0,"""Poutine sera √©cart√© ou tu√© d'ici 6 mois"""
rXaciKUUJv0,Why I'm retiring from YouTube....
WF1q4L_jHrU,Dumbest People On The Internet
mwS-VAMT7f4,LIVE | Fanatec Esports GT Pro Series | R1 | Imola
Sny7pKYoGWY,Jakaarlo bi avec Abdoulaye Der et sa team - 1er  Avril 2022
whpAIqwf3xQ,"ENCANTO, but the Roles are Reversed?! (Cartoon Animation)"
xK8Od8r01sI,"""You Destroyed Our Family"" Jaden Smith CONFRONTS Jada Pinkett Smith After The Oscars"
GRc5Mo2eT2w,"üî¥04-01: V·ª• Kit Vi·ªát √Å : √îng Ph·∫°m Minh Ch√≠nh N√™n Ph·∫£i T·ª´ Ch·ª©c , B·ªô tr∆∞·ªüng Y t·∫ø   Long Ph·∫£i Kh·ªüi t·ªë"
XBT8-dVK16A,GIVALDO ALVES [+ FL√ÅVIO ANDRADDE] - Flow #29
dOJz6-C_uqs,Best Parenting Life Hacks! Survival Guide for Parents!
eXxbSHun8bs,"BULLY STEALS MONEY FROM BOY AT LEMONADE STAND, HE INSTANTLY REGRETS IT | The Prince Family Clubhouse"
1yCPnuWCww0,Top New Comedy Video 2020_New Funny Video 2020_Try To Not Laugh_Episode-62_By hahaidea
yWPJg1ZW3P0,"11 Cool Girly Hacks / DIY, Hacks and Craft Projects for Girls"
ZdIlTXH9ksY,Le patron de YouTube VS TikTok
BgzrcQa9OPs,ŸÅÿ∂ÿßÿ¶ÿ≠ ÿ®ÿßŸÑÿ¨ŸÖŸÑÿ©.. ŸÖŸàŸÇÿπ ÿßŸÑÿÆÿßÿ±ÿ¨Ÿäÿ© ÿßŸÑÿ£ŸÖÿ±ŸäŸÉŸäÿ© ŸäŸÉÿ¥ŸÅ ŸÖÿ≠ÿ™ŸàŸâ ÿ±ÿ≥ÿßŸÑÿ© ÿ™ÿ®ŸàŸÜ ÿßŸÑÿ™Ÿä ÿ≥ŸÑŸÖŸáÿß ŸÑŸÑŸàÿ≤Ÿäÿ± ÿ®ŸÑŸäŸÜŸÉŸÜ
8dSIjrnECGc,I MISSED A PENALTY IN THE YOUTUBE WORLD CUP FINAL! üíî
B4fXyYE9W3Y,NEW NIGHTMARE DJ MUSIC MAN IS INSANE!! In Garry's Mod! (FNAF Security Breach)
gEuirQWecEw,Obi-Wan Kenobi | Announcement | Disney+
GWpPYrLI_ao,"AWESOME SCHOOL AND HOME HACKS || Gadgets, and Crafts You Should See! Cool DIY Tricks by 123 GO!"
Yb2D4QkIKFU,Hot vs Cold Secret Room Under the Bed! 24 Hours Challenge!
o6qgt5KVUyE,100+ FUNNY FOOD LIFE HACKS || The Best Challenges and Tricks by 123 GO! FOOD
tr4-PeLdeHg,Tui Tui  Comedy VideoüòÇTui tui Best Funny Video 2022ü§£DONT MISS THIS EPISODE
q-GDy0sd77M,Airplane challenge with Vlad and Niki
GXUrIt8PkN4,Must Watch New Funny Video 2021 Top New Comedy Video 2021 Try To Not Laugh Episode 43 By #Mahafuntv
ThkBXopGMQ4,üö® √öLTIMA HORA: Rusia AMENAZA a TODA Europa con Cortar el Gas (GUERRA Ucrania Noticias 2022) Putin
lGPXMqcMvKw,Unlucky vs Lucky vs Giga Lucky Student in College
wlqZWv9RdW0,WHY DID JASON COME TO OUR HOUSE?!?
YXY74kWderc,One Trillion Minecraft Views on YouTube and Counting
BSzEGDBPMP4,"""You're Delusional"" Chris Rock RAGES At Will Smith After He Slapped Him During The Oscars"
_cySvcjiAeM,Never back down #shorts
5IMIbvhyDPs,Life Flashes Before Your Eyes Tik Toks
Y78E_hAKnsw,AWESOME SCHOOL HACKS FROM TIK TOK || Cool DIYs and Art Hacks For Back to School by 123 GO!
VjAjNDZsEAs,24 –ß–ê–°–ê –£–ü–†–ê–í–õ–Ø–Æ –ñ–ò–ó–ù–¨–Æ –°–í–û–ï–ì–û –ü–ê–†–ù–Ø **–æ–Ω —Å–¥–µ–ª–∞–ª —Ç–∞—Ç—É–∏—Ä–æ–≤–∫—É**
dGz7Y6-Ainw,GENIUS BEAUTY HACKS WITH ALOE VERA || Cool Crafts And Natural Beauty Tips! Girls Problems by 123 GO!
vCkQxKKxdWo,GREEN VS PURPLE || Eating and Buying Everything In 1 Color For 24 HRS Challenge by 123 GO! Food
XVsUenoXNTY,Un bill√≥n de visualizaciones de Minecraft en YouTube y contando
IQAk0bVnceI,Mermaid Is Playing Squid Game in Real Life
L_C0KvwzJPs,Cops Vs Robbers in Real Life
KLuQrhFP34Y,ÿ®ÿ¥ŸÉŸÑ ŸÖŸÅÿßÿ¨ÿ¶ ÿßŸÑŸÖÿßŸÜŸäÿß ÿ™Ÿàÿ¨Ÿá ÿ∑ŸÑÿ® ÿπÿßÿ¨ŸÑ ŸÑŸÑŸÖÿ∫ÿ±ÿ® Ÿàÿ•ÿ¨ÿ™ŸÖÿßÿπ ÿπÿßÿ¨ŸÑ ŸÅŸä ÿ®ÿ±ŸÑŸäŸÜ ŸÑÿ≥ÿ®ÿ® ŸÖŸÅÿßÿ¨ÿ¶ | ÿßÿ®Ÿà ÿßŸÑÿ®Ÿäÿ≥ _ abo al bis
ycyryfTLDdY,"Funny Video 2022, Must Watch New Comedy Video Amazing Funny Video 2022, Episode 136 By #myfamily"
X7dbwP8jyYI,Eva plays Challenges with Mom | Eva Bravo Play
SGmZRWb4aj0,Chris Rock after being Slapped at the Oscars
LLK3gkDi9vY,AWESOME PARENTING CRAFTS || Genius Life Hacks for Parents and Their Kids! Smart DIY Ideas by 123 GO!
bl_MeglA_Zo,Diana and Roma show how to save natural resources
CPDV5Fs-m8w,Betiyon ki ijaat karo #shorts
mq5vsEboQuU,BOCIL DIADOPSI ORANG KAYA! | Drama Sedih dan Menyentuh Hati | Mikael TubeHD
ejWPLJauPGk,April Fools Day Pranks With Jack Skye!
If_MtGEnEos,N·∫æU SLENDERMAN ƒêI T√åM S·ª∞ TH·∫¨T C√ÅCH TI√äU DI·ªÜT HUGGY WUGGY 6 TAY 10 M·∫ÆT | Th·ª≠ Th√°ch SlenderMan
XQ-GHSv-I6Q,Eating only TINY vs GIANT Foods for 24 Hours *Guess who WON*
2oXkDSgmybs,–ù–∞—Ç–∞–ª—å—è –ü–æ–∫–ª–æ–Ω—Å–∫–∞—è: ¬´–£–∫—Ä–∞–∏–Ω–∞ ‚Äî —ç—Ç–æ –Ω–µ –†–æ—Å—Å–∏—è¬ª // ¬´–°–∫–∞–∂–∏ –ì–æ—Ä–¥–µ–µ–≤–æ–π¬ª
pWr2idKeUgM,COOL PARENTING HACKS  || Crazy DIY Ideas and Back to School Hacks by 123 GO! LIVE
5_xrBEmsTdU,If Objects Were People
giXco2jaZ_4,Top Gun: Maverick | NEW Official Trailer (2022 Movie) - Tom Cruise
f_7W9iObex0,Nastya shows that knowledge at school is the most important thing
anJZSuJHOtE,Meet the BIGGEST COPYCAT on YouTube
1MRjNOQbx_w,YouTube Vanced Server 400 | YouTube Vanced Server 400 Problem Solution | Youtube Vanced Alternative
wlrvO4QvyIQ,Teddy Bear Song + More Nursery Rhymes & Kids Songs - CoComelon
4aeDlZOD-B0,"Be Alive (Original Song from the Motion Picture ""King Richard"") (94th Academy Awards Performance)"
BfIF8lc7Zts,How to Get 4000 Hours Watch Time on YouTube in 2022
m01az_TdpQI,Russia invades Ukraine LIVE | DW News livestream | Headline news from around the world
hwchBE50SRo,Citizen TV Live
ZPWwzW-5MiY,Kelaa moo main ghusa diyaüòÖüòÜ watch till the end ü§£üòÇ
xyXM4A1Zse4,'Could be a big problem for you': Security analyst's warning to Putin
pW-9mY8pU9A,"Last To Leave Greatest Fear Wins $10,000"
p69YYv59AF8,YOUNGGU - YOUTUBE FT. YOUNGOHM [MUSIC VIDEO] Prod. @MAYOJAMESS
OumIpVaz6JU,Junya1gou funny video üòÇüòÇüòÇ
wQC1wkz5_ls,I Disowned My Parents Because Of Their Youtube Channel
aPTTVwjUtwo,J'ARR√äTE YOUTUBE A PARTIR DE... SUR BROOKHAVEN - Brookhaven RP
F49AE2b6xs4,Past 7 Days Most Viewed Indian Songs on Youtube [28 March 2022]
tC1dOqaVSIc,We Don't Talk About Bruno! Fun Squad Music Video
RMpCGD7b_H4,Harm Reduction: Last Week Tonight with John Oliver (HBO)
XKc5TbMN9lY,PINK VS BLUE FOOD CHALLENGE || Eating Only 1 Color Food for 24 HRS by 123 GO! FOOD
V9kD5cPcV5E,Short vs Long vs Giga Long Nails! Girls Problems with Long Nails and Short Nails
2JNYBUqD5Os,"BURiED by BABY UNiCORNS!! Adley has 1,000 Pet Bunnies and Mystery Eggs for YOU! new Spring BFF merch"
fOVLBXiV_vo,Will Smith punches Chris Rock after he jokes about his wife
qF1DTK4U1AM,Being Not Straight
vyDjFVZgJoo,Hayya Hayya (Better Together) | FIFA World Cup 2022‚Ñ¢ Official Soundtrack
KPPvcQG_RJE,√âLECTION PR√âSIDENTIELLE 2022 (y'a rien qui va)
yFmy5lXoEfU,Ozark: Season 4 | Part 2 Official Trailer | Netflix
cKCQUbVx4mo,Craziest House Tour On YouTube
gsOnnLts-4U,Tucker: Biden can't regulate his emotions
5QuRVqIkrAY,Why Harry Stopped Posting on YouTube!! (Ep.148)
StPIPwiqOFg,Choosko athha ü•∫ü•∫üò≠
lBZkxNLXyxA,Elden Ring Any% Speedrun in 18:57 (WORLD FIRST SUB 20 MINUTES)
e3jRbyJxOyI,MAVƒ∞ OYUNCAK CANAVAR DEƒûƒ∞L POPPY PLAYTƒ∞ME 3 Dƒ∞LA KENT
8gyMGX61GGo,Epic Season 2 Collection! ü•≥ Talking Tom Shorts | Fun Cartoon Collection
GU2kVpfgg7I,HUGE Painful Cyst! Needs to pop | 208SkinDoc
-5XERcoF6NY,He doesn't want mom to be sad ü•∫ü•∞LeoNata family #shorts TikTok
ggJF_L1T3aY,Nastya chooses her favorite hobby
hhBfNDVs-PY,Battle for the South of Ukraine
2DlBPBYQqIc,Tui Tui Funny Video Part 5üòÜtui tui best comedyüòÜtui tui Funnyüí™tui tui Must watch special new video
957KcdowAXA,RAINBOW FOOD vs WHITE AND BLACK FOOD || Eating Food Only In 1 Color For 24 Hours By 123GO! SCHOOL
AxIoMVxugsg,Jason y Alex juega chistes de ni√±os con sus amigos | Heidi y Zidane est√°n de visita
hCCQPvBgRqk,FINAL FANTASY XIV Letter from the Producer LIVE Part LXX
W0t-4dm1JN8,Judge makes 'remarkable' ruling about Trump. Here's what it means
U5oPpScEs3o,People Having A Worse Day Than You
dKeCRikTyGY,Grocery Store Song + More Nursery Rhymes & Kids Songs - CoComelon
XaS3HJworWo,Short vs Long Nails! Girls Problems with Long Nails and Short Nails
XPo7rXDwJOE,RICH VS POOR STUDENT || Eating $ 10 000 Golden Sandwich! Expensive VS Cheap Food by 123GO! FOOD
PhZdkaOSBtk,Broke Popular School Queen vs Rich Unpopular School Queen
nmFQVJFbWhk,Kya Socha Tha Or Kya Ho Gya ü•∫ü§™ #shorts #youtubeshorts #comedy | Samayra Narula |Subscribe|Share|
Q-AD3K8tic4,Thappad Kyu Maraü•∫ #youtubeshorts #shorts #motivational | Samayra Narula |Subscribe|Share|Like|
jrsLMbQB6yI,Bath Song + More Nursery Rhymes & Kids Songs - CoComelon
JKa05nyUmuQ,KGF Chapter 2 Trailer|Hindi|Yash|Sanjay Dutt|Raveena Tandon|Srinidhi|Prashanth Neel|Vijay Kiragandur
